[
        {
        "title": "Mixed Bathing",
        "image": "https://myanmarsexstory.com/wp-content/uploads/2021/07/Korea/Mixed%20Bathing.jpg",
        "link": "https://myanmarsexstory.com/wp-content/uploads/2021/07/Korea/Mixed%20Bathing.mp4",
        "id": "h"
        },
        {
        "title": "Karaoke Hot Girl",
        "image": "https://myanmarsexstory.com/wp-content/uploads/2021/07/Korea/Karaoke%20Hot%20Girl.jpg",
        "link": "https://myanmarsexstory.com/wp-content/uploads/2021/07/Korea/Karaoke%20Hot%20Girl.mp4",
        "id": "Video Des"
        },
        {
        "title": "sex-education-for-the-sister-in-law-mmsub-korea",
        "image": "https://myanmarsexstory.com/wp-content/uploads/2021/07/Korea/Sex%20education%20for%20the%20Sister%20in%20law.jpg",
        "link": "https://myanmarsexstory.com/wp-content/uploads/2021/07/Korea/Sex%20Education%20For%20The%20Sister%20In%20Law.mp4",
        "id": "Video Des"
        },
        {
        "title": "young-sister-in-law-5-mmsub-korea",
        "image": "https://myanmarsexstory.com/wp-content/uploads/2021/07/Korea/Young%20Sister%20In%20Law%205.jpg",
        "link": "https://myanmarsexstory.com/wp-content/uploads/2021/07/Korea/Young%20Sister%20In%20Law%205.mp4",
        "id": "Video Des"
        },
        {
        "title": "young-sister-in-law-4-mmsub-korea",
        "image": "https://myanmarsexstory.com/wp-content/uploads/2021/07/Korea/Young%20Sister%20In%20Law%204.jpg",
        "link": "https://myanmarsexstory.com/wp-content/uploads/2021/07/Korea/Young%20Sister%20In%20Law%204.mp4",
        "id": "Video Des"
        },
        {
        "title": "living-with-my-cousin-mmsub-korea",
        "image": "https://myanmarsexstory.com/wp-content/uploads/2021/07/Korea/Living%20With%20My%20Cousin.jpg",
        "link": "https://myanmarsexstory.com/wp-content/uploads/2021/07/Korea/Living%20With%20My%20Cousin.mp4",
        "id": "Video Des"
        },
        {
        "title": "female-hostel-mmsub-korea",
        "image": "https://myanmarsexstory.com/wp-content/uploads/2021/07/Korea/Female%20Hostel.jpg",
        "link": "https://myanmarsexstory.com/wp-content/uploads/2021/07/Korea/Female%20Hostel.mp4",
        "id": "Video Des"
        },
        {
        "title": "dads-friend-mmsub-korea",
        "image": "https://myanmarsexstory.com/wp-content/uploads/2021/07/Korea/Dad’s%20Friend.jpg",
        "link": "https://myanmarsexstory.com/wp-content/uploads/2021/07/Korea/Dad’S%20Friend.mp4",
        "id": "Video Des"
        },
        {
        "title": "bad-class-mmsub-korea",
        "image": "https://myanmarsexstory.com/wp-content/uploads/2021/07/Korea/Bad%20Class.jpg",
        "link": "https://myanmarsexstory.com/wp-content/uploads/2021/07/Korea/Bad%20Class.mp4",
        "id": "Video Des"
        },
        {
        "title": "affair-mmsub-korea",
        "image": "https://myanmarsexstory.com/wp-content/uploads/2021/07/Korea/Affair.jpg",
        "link": "https://myanmarsexstory.com/wp-content/uploads/2021/07/Korea/Affair.mp4",
        "id": "Video Des"
        },
        {
        "title": "a-house-with-a-view-delicious-sex-mmsub-korea",
        "image": "https://myanmarsexstory.com/wp-content/uploads/2021/07/Korea/A%20House%20With%20a%20View%20Delicious%20Sex.jpg",
        "link": "https://myanmarsexstory.com/wp-content/uploads/2021/07/Korea/A%20House%20With%20A%20View%20Delicious%20Sex%20.mp4",
        "id": "Video Des"
        },
        {
        "title": "21-year-old-seunghas-secret-diary-mmsub-korea",
        "image": "https://myanmarsexstory.com/wp-content/uploads/2021/07/Korea/21%20Year%20Old%20Seungha's%20Secret%20Diary.jpg",
        "link": "https://myanmarsexstory.com/wp-content/uploads/2021/07/Korea/21%20Year%20Old%20Seungha's%20Secret%20Diary.mp4",
        "id": "Video Des"
        },
        {
        "title": "ennui-mmsub-europe",
        "image": "https://myanmarsexstory.com/wp-content/uploads/2021/07/Europe/L'ennui.jpg",
        "link": "https://myanmarsexstory.com/wp-content/uploads/2021/07/Europe/L'ennui.mp4",
        "id": "Video Des"
        },
        {
        "title": "bang-gang-a-modern-love-story-mmsub-europe",
        "image": "https://myanmarsexstory.com/wp-content/uploads/2021/07/Europe/Bang%20Gang%20A%20Modern%20Love%20Story.jpg",
        "link": "https://myanmarsexstory.com/wp-content/uploads/2021/07/Europe/Bang%20Gang%20A%20Modern%20Love%20Story.mp4",
        "id": "Video Des"
        },
        {
        "title": "private-sex-lesson-mmsub-korea",
        "image": "https://myanmarsexstory.com/wp-content/uploads/2021/07/Korea/Private%20Sex%20Lesson.jpg",
        "link": "https://myanmarsexstory.com/wp-content/uploads/2021/07/Korea/Private%20Sex%20Lesson.mp4",
        "id": "Video Des"
        },
        {
        "title": "fat-girl-mmsub-europe",
        "image": "https://myanmarsexstory.com/wp-content/uploads/2021/07/Europe/Fat%20Girl.jpg",
        "link": "https://myanmarsexstory.com/wp-content/uploads/2021/07/Europe/Fat%20Girl%20.mp4",
        "id": "Video Des"
        },
        {
        "title": "party-bus-to-hell-mmsub-europe",
        "image": "https://myanmarsexstory.com/wp-content/uploads/2021/06/Europe/Party%20Bus%20to%20Hell.jpg",
        "link": "https://myanmarsexstory.com/wp-content/uploads/2021/06/Europe/Party%20Bus%20To%20Hell.mp4",
        "id": "Video Des"
        },
        {
        "title": "happy-end-mmsub-korea",
        "image": "https://myanmarsexstory.com/wp-content/uploads/2021/06/Korea/Happy%20End.jpg",
        "link": "https://myanmarsexstory.com/wp-content/uploads/2021/06/Korea/Happy%20End.mp4",
        "id": "Video Des"
        },
        {
        "title": "sex-life-s01-ep08-mmsub-series",
        "image": "https://myanmarsexstory.com/wp-content/uploads/2021/06/Series/Sex.Life.2021.S01.ep08.jpg",
        "link": "https://myanmarsexstory.com/wp-content/uploads/2021/06/Series/Sex%20Life%20S01%20Ep08.mp4",
        "id": "Video Des"
        },
        {
        "title": "sex-life-s01-ep07-mmsub-series",
        "image": "https://myanmarsexstory.com/wp-content/uploads/2021/06/Series/Sex.Life.2021.S01.ep07.jpg",
        "link": "https://myanmarsexstory.com/wp-content/uploads/2021/06/Series/Sex%20Life%20S01%20Ep07.mp4",
        "id": "Video Des"
        },
        {
        "title": "sex-life-s01-ep06-mmsub-serie",
        "image": "https://myanmarsexstory.com/wp-content/uploads/2021/06/Series/Sex.Life.2021.S01.ep06.jpg",
        "link": "https://myanmarsexstory.com/wp-content/uploads/2021/06/Series/Sex%20Life%20S01%20Ep06.mp4",
        "id": "Video Des"
        },
        {
        "title": "sex-life-s01-ep05-mmsub-series",
        "image": "https://myanmarsexstory.com/wp-content/uploads/2021/06/Series/Sex.Life.2021.S01.ep05.jpg",
        "link": "https://myanmarsexstory.com/wp-content/uploads/2021/06/Series/Sex%20Life%20S01%20Ep05.mp4",
        "id": "Video Des"
        },
        {
        "title": "sex-life-s01-ep04-mmsub-serie",
        "image": "https://myanmarsexstory.com/wp-content/uploads/2021/06/Series/Sex.Life.2021.S01.ep04.jpg",
        "link": "https://myanmarsexstory.com/wp-content/uploads/2021/06/Series/Sex%20Life%20S01%20Ep04.mp4",
        "id": "Video Des"
        },
        {
        "title": "sex-life-s01-ep03-mmsub-series",
        "image": "https://myanmarsexstory.com/wp-content/uploads/2021/06/Series/Sex.Life.2021.S01.ep03.jpg",
        "link": "https://myanmarsexstory.com/wp-content/uploads/2021/06/Series/Sex%20Life%20S01%20Ep03.mp4",
        "id": "Video Des"
        },
        {
        "title": "sex-life-s01-ep02-mmsub-serie",
        "image": "https://myanmarsexstory.com/wp-content/uploads/2021/06/Series/Sex.Life.2021.S01.ep02.jpg",
        "link": "https://myanmarsexstory.com/wp-content/uploads/2021/06/Series/Sex%20Life%20S01%20Ep02.mp4",
        "id": "Video Des"
        },
        {
        "title": "sex-life-s01-ep01-mmsub-serie",
        "image": "https://myanmarsexstory.com/wp-content/uploads/2021/06/Series/Sex.Life.2021.S01.ep01.jpg",
        "link": "https://myanmarsexstory.com/wp-content/uploads/2021/06/Series/Sex%20Life%20S01%20Ep01.mp4",
        "id": "Video Des"
        },
        {
        "title": "type-a-big-breasted-girlfriend-mmsub-korea",
        "image": "https://myanmarsexstory.com/wp-content/uploads/2021/06/Korea/Type%20A%20Big%20Breasted%20Girlfriend.jpg",
        "link": "https://myanmarsexstory.com/wp-content/uploads/2021/06/Korea/Type%20A%20Big%20Breasted%20Girlfriend.mp4",
        "id": "Video Des"
        },
        {
        "title": "young-sister-in-law-3-mmsub-korea-2",
        "image": "https://myanmarsexstory.com/wp-content/uploads/2021/06/Korea/Young%20Sister%20in%20law%203.jpg",
        "link": "https://myanmarsexstory.com/wp-content/uploads/2021/06/Korea/Young%20Sister%20In%20Law%203.mp4",
        "id": "Video Des"
        },
        {
        "title": "big-busted-daughter-in-law-mmsub-korea",
        "image": "https://myanmarsexstory.com/wp-content/uploads/2021/06/Korea/Big%20Busted%20Daughter%20in%20Law.jpg",
        "link": "https://myanmarsexstory.com/wp-content/uploads/2021/06/Korea/Big%20Busted%20Daughter%20in%20Law.mp4",
        "id": "Video Des"
        },
        {
        "title": "3-iron-mmsub-korea",
        "image": "https://myanmarsexstory.com/wp-content/uploads/2021/05/Korea/3%20Iron.jpg",
        "link": "https://myanmarsexstory.com/wp-content/uploads/2021/05/Korea/3%20Iron.mp4",
        "id": "Video Des"
        },
        {
        "title": "taboo-3-the-final-chapter-mmsub-europe",
        "image": "https://myanmarsexstory.com/wp-content/uploads/2021/05/Europe/Taboo%203%20-%20The%20Final%20Chapter.jpg",
        "link": "https://myanmarsexstory.com/wp-content/uploads/2021/05/Europe/Taboo%203%20-%20The%20Final%20Chapter.mp4",
        "id": "Video Des"
        },
        {
        "title": "sex-and-fury-mmsub-japan",
        "image": "https://myanmarsexstory.com/wp-content/uploads/2021/05/Japan/Sex%20and%20Fury.jpg",
        "link": "https://myanmarsexstory.com/wp-content/uploads/2021/05/Japan/Sex%20And%20Fury.mp4",
        "id": "Video Des"
        },
        {
        "title": "vernost-mmsub-europe",
        "image": "https://myanmarsexstory.com/wp-content/uploads/2021/05/Europe/Vernost.jpg",
        "link": "https://myanmarsexstory.com/wp-content/uploads/2021/05/Europe/Vernost.mp4",
        "id": "Video Des"
        },
        {
        "title": "the-night-porter-mmsub-europe",
        "image": "https://myanmarsexstory.com/wp-content/uploads/2021/05/Europe/The%20Night%20Porter.jpg",
        "link": "https://myanmarsexstory.com/wp-content/uploads/2021/05/Europe/The%20Night%20Porter.mp4",
        "id": "Video Des"
        },
        {
        "title": "seven-women-for-satan-mmsub-europe",
        "image": "https://myanmarsexstory.com/wp-content/uploads/2021/05/Europe/Seven%20Women%20For%20Satan.jpg",
        "link": "https://myanmarsexstory.com/wp-content/uploads/2021/05/Europe/Seven%20Women%20For%20Satan.mp4",
        "id": "Video Des"
        },
        {
        "title": "spell-mmsub-thai",
        "image": "https://myanmarsexstory.com/wp-content/uploads/2021/05/Thai/Spell.jpg",
        "link": "https://myanmarsexstory.com/wp-content/uploads/2021/05/Thai/Spell.mp4",
        "id": "Video Des"
        },
        {
        "title": "private-tutor-advanced-course-mmsub-korea",
        "image": "https://myanmarsexstory.com/wp-content/uploads/2021/05/Korea/Private%20Tutor%20Advanced%20Course.jpg",
        "link": "https://myanmarsexstory.com/wp-content/uploads/2021/05/Korea/Private%20Tutor%20Advanced%20Course.mp4",
        "id": "Video Des"
        },
        {
        "title": "play-boy-mmsub-thai",
        "image": "https://myanmarsexstory.com/wp-content/uploads/2021/05/Thai/PLAY%20BOY.jpg",
        "link": "https://myanmarsexstory.com/wp-content/uploads/2021/05/Thai/Play%20Boy.mp4",
        "id": "Video Des"
        },
        {
        "title": "eurotrip-mmsub-europe",
        "image": "https://myanmarsexstory.com/wp-content/uploads/2021/05/Europe/EuroTrip.jpg",
        "link": "https://myanmarsexstory.com/wp-content/uploads/2021/05/Europe/Eurotrip.mp4",
        "id": "Video Des"
        },
        {
        "title": "compulsion-mmsub-europe",
        "image": "https://myanmarsexstory.com/wp-content/uploads/2021/05/Europe/Compulsion.jpg",
        "link": "https://myanmarsexstory.com/wp-content/uploads/2021/05/Europe/Compulsion.mp4",
        "id": "Video Des"
        },
        {
        "title": "butterfly-in-grey-mmsub-thai",
        "image": "https://myanmarsexstory.com/wp-content/uploads/2021/05/Thai/Butterfly%20In%20Grey.jpg",
        "link": "https://myanmarsexstory.com/wp-content/uploads/2021/05/Thai/Butterfly%20In%20Grey.mp4",
        "id": "Video Des"
        },
        {
        "title": "antichrist-mmsub-europe",
        "image": "https://myanmarsexstory.com/wp-content/uploads/2021/05/Europe/Antichrist.jpg",
        "link": "https://myanmarsexstory.com/wp-content/uploads/2021/05/Europe/Antichrist.mp4",
        "id": "Video Des"
        }
        ]
