[
        {

        "title": "MYANMAR",

        "image": "https://upload.wikimedia.org/wikipedia/commons/thumb/8/8c/Flag_of_Myanmar.svg/383px-Flag_of_Myanmar.svg.png",

        "link": "https://www.googleapis.com/drive/v3/files/1fx-aQiBbj_jSJgZ2eS5xgX33HZTdd5rr?alt=media&key=AIzaSyDqjoOCvkezk6uBHf_tRrsuQBj_jm_stZE",

        "id": "Video Des"

        },
        {

        "title": "JAPAN",

        "image": "https://upload.wikimedia.org/wikipedia/en/thumb/9/9e/Flag_of_Japan.svg/383px-Flag_of_Japan.svg.png",

        "link": "https://raw.githubusercontent.com/phoopyone/japanallkar/main/japan#",

        "id": "Video Des"

        },
        
        
        {
        "title": "K0REA",
        "image": "https://upload.wikimedia.org/wikipedia/commons/thumb/0/09/Flag_of_South_Korea.svg/383px-Flag_of_South_Korea.svg.png",
        "link": "https://raw.githubusercontent.com/phoopyone/koreaallkar/main/koreaallkar#",
        "id": "Video Des"
        },
        
        {
        "title": "CHINA",
        "image": "https://raw.githubusercontent.com/Myanmar788/Apk-/main/crtyflgs/china%20flag.png",
        "link": "https://raw.githubusercontent.com/phoopyone/chinaallkar/main/allkar#",
        "id": "Video Des"
        },
        {
        "title": "THAILAND",
        "image": "https://upload.wikimedia.org/wikipedia/commons/thumb/a/a9/Flag_of_Thailand.svg/383px-Flag_of_Thailand.svg.png",
        "link": "https://raw.githubusercontent.com/phoopyone/thaiallkar/main/allkar#",
        "id": "Video Des"
        },
        {
        "title": "All Kar Collections(Unlimited)",
        "image": "https://github.com/phoopyone/porn/raw/main/International_flag_globe.png",
        "link": "https://phoopyone.github.io/",
        "id": "Video Des"
        },
        {
        "title": "International mm all Kar(Unlimited)",
        "image": "https://github.com/phoopyone/porn/raw/main/iconmm.png",
        "link": "https://walonelay.github.io/",
        "id": "Video Des"
        },
        
        {
        "title": "Latest Updated Movies(75)",
        "image": "https://github.com/phoopyone/porn/raw/main/new.png",
        "link": "https://raw.githubusercontent.com/phoopyone/latestallkar/main/allkar#",
        "id": ""
        },
        {
        "title": "MMsub All Kar(112)",
        "image": "https://github.com/phoopyone/porn/raw/main/mmsubmovies.jpg",
        "link": "https://raw.githubusercontent.com/phoopyone/mmsuballkar/main/mmsub#",
        "id": "Video Des"
        },
        {
        "title": "US(0)",
        "image": "https://github.com/phoopyone/porn/raw/main/us.png",
        "link": "https://founddie.com/",
        "id": "Video Des"
        }
        ]
