[
  {
    "title": "အိမ်ထောင်သည် ဘဝ",
    "link": "https://www.googleapis.com/drive/v3/files/18L2wYdCV9XUCPntcfPtsoGg-xLPRUw51?alt=media&key=AIzaSyAwbaLaqRc1iFxAnNQfV444Y2u6j3Ex14c",
    "id": "",
    "image": "https://github.com/Myanmar788/Apk-/raw/main/fnny_img_thmbs/%E1%80%A1%E1%80%AD%E1%80%99%E1%80%BA%E1%80%91%E1%80%B1%E1%80%AC%E1%80%84%E1%80%BA%E1%80%9E%E1%80%8A%E1%80%BA%20%E1%80%98%E1%80%9D.jpeg"
  },
  {
    "title": "အားကိုးကောင်းတယ်",
    "link": "https://www.googleapis.com/drive/v3/files/19_J_G8wedmJSrHutIb5LHlrxE_qYEmhX?alt=media&key=AIzaSyAwbaLaqRc1iFxAnNQfV444Y2u6j3Ex14c",
    "id": "",
    "image": "https://github.com/Myanmar788/Apk-/raw/main/fnny_img_thmbs/%E1%80%A1%E1%80%AC%E1%80%B8%E1%80%80%E1%80%AD%E1%80%AF%E1%80%B8%E1%80%80%E1%80%B1%E1%80%AC%E1%80%84%E1%80%BA%E1%80%B8%E1%80%90%E1%80%9A%E1%80%BA.jpeg"
  },
  {
    "title": "အရယ်ရဆုံးဟာသများစုစည်းမှု-၁- Myanmar meme funny videos with million views on TikTok",
    "link": "https://www.googleapis.com/drive/v3/files/182r2xwnFwSd6AuIHlz0q_FNzRnkZoCOJ?alt=media&key=AIzaSyAwbaLaqRc1iFxAnNQfV444Y2u6j3Ex14c",
    "id": "",
    "image": "https://github.com/Myanmar788/Apk-/raw/main/fnny_img_thmbs/%E1%80%A1%E1%80%9B%E1%80%9A%E1%80%BA%E1%80%9B%E1%80%86%E1%80%AF%E1%80%B6%E1%80%B8%E1%80%9F%E1%80%AC%E1%80%9E%E1%80%99%E1%80%BB%E1%80%AC%E1%80%B8%E1%80%85%E1%80%AF%E1%80%85%E1%80%8A%E1%80%BA%E1%80%B8%E1%80%99%E1%80%BE%E1%80%AF-%E1%81%81-%20Myanmar%20meme%20funny%20videos%20with%20million%20views%20on%20TikTok.jpeg"
  },
  {
    "title": "အရမ်းခံစားရသော စကားတစ်ခွန်",
    "link": "https://www.googleapis.com/drive/v3/files/18Bqr9VL2zKQhylMfy-YnosqhQmwZGv3L?alt=media&key=AIzaSyAwbaLaqRc1iFxAnNQfV444Y2u6j3Ex14c",
    "id": "",
    "image": "https://github.com/Myanmar788/Apk-/raw/main/fnny_img_thmbs/%E1%80%A1%E1%80%9B%E1%80%99%E1%80%BA%E1%80%B8%E1%80%81%E1%80%B6%E1%80%85%E1%80%AC%E1%80%B8%E1%80%9B%E1%80%9E%E1%80%B1%E1%80%AC%20%E1%80%85%E1%80%80%E1%80%AC%E1%80%B8%E1%80%90%E1%80%85%E1%80%BA%E1%80%81%E1%80%BD%E1%80%94%E1%80%BA.jpeg"
  },
  {
    "title": "အဖေ နဲ့ သား ဘောင်ချာများ l Aung Kyaw Zin l Comedy l",
    "link": "https://www.googleapis.com/drive/v3/files/18WY2WnnrLDWDyYHCaeYrxpVhD2fiZoZP?alt=media&key=AIzaSyAwbaLaqRc1iFxAnNQfV444Y2u6j3Ex14c",
    "id": "",
    "image": "https://github.com/Myanmar788/Apk-/raw/main/fnny_img_thmbs/%E1%80%A1%E1%80%96%E1%80%B1%20%E1%80%94%E1%80%B2%E1%80%B7%20%E1%80%9E%E1%80%AC%E1%80%B8%20%E1%80%98%E1%80%B1%E1%80%AC%E1%80%84%E1%80%BA%E1%80%81%E1%80%BB%E1%80%AC%E1%80%99%E1%80%BB%E1%80%AC%E1%80%B8%20l%20Aung%20Kyaw%20Zin%20l%20Comedy%20l.jpeg"
  },
  {
    "title": "အနိုင်​ကျင်​့တာ​တော့ လက်​မခံဘူး",
    "link": "https://www.googleapis.com/drive/v3/files/180LAmAgF36wHq-nrurLy-tZQFfeVTVN7?alt=media&key=AIzaSyAwbaLaqRc1iFxAnNQfV444Y2u6j3Ex14c",
    "id": "",
    "image": "https://github.com/Myanmar788/Apk-/raw/main/fnny_img_thmbs/%E1%80%A1%E1%80%94%E1%80%AD%E1%80%AF%E1%80%84%E1%80%BA%E2%80%8B%E1%80%80%E1%80%BB%E1%80%84%E1%80%BA%E2%80%8B%E1%80%B7%E1%80%90%E1%80%AC%E2%80%8B%E1%80%90%E1%80%B1%E1%80%AC%E1%80%B7%20%E1%80%9C%E1%80%80%E1%80%BA%E2%80%8B%E1%80%99%E1%80%81%E1%80%B6%E1%80%98%E1%80%B0%E1%80%B8%20.jpeg"
  },
  {
    "title": "အထာကြီးတဲ့ ဆရာကြီး... အပိုင်း-၂-",
    "link": "https://www.googleapis.com/drive/v3/files/19NooHmNf5knIJQT3F6X10FRxXC7krfbL?alt=media&key=AIzaSyAwbaLaqRc1iFxAnNQfV444Y2u6j3Ex14c",
    "id": "",
    "image": "https://github.com/Myanmar788/Apk-/raw/main/fnny_img_thmbs/%E1%80%A1%E1%80%91%E1%80%AC%E1%80%80%E1%80%BC%E1%80%AE%E1%80%B8%E1%80%90%E1%80%B2%E1%80%B7%20%E1%80%86%E1%80%9B%E1%80%AC%E1%80%80%E1%80%BC%E1%80%AE%E1%80%B8...%20%E1%80%A1%E1%80%95%E1%80%AD%E1%80%AF%E1%80%84%E1%80%BA%E1%80%B8-%E1%81%82-%20.jpeg"
  },
  {
    "title": "အချစ်နဲ့ ငွေ ... ငွေနဲ့ အချစ် ...",
    "link": "https://www.googleapis.com/drive/v3/files/18a1Eup6GBrdikeTj2V7MH88tHnZBJjBb?alt=media&key=AIzaSyAwbaLaqRc1iFxAnNQfV444Y2u6j3Ex14c",
    "id": "",
    "image": "https://github.com/Myanmar788/Apk-/raw/main/fnny_img_thmbs/%E1%80%A1%E1%80%81%E1%80%BB%E1%80%85%E1%80%BA%E1%80%94%E1%80%B2%E1%80%B7%20%E1%80%84%E1%80%BD%E1%80%B1%20...%20%E1%80%84%E1%80%BD%E1%80%B1%E1%80%94%E1%80%B2%E1%80%B7%20%E1%80%A1%E1%80%81%E1%80%BB%E1%80%85%E1%80%BA%20...%20.jpeg"
  },
  {
    "title": "အကိတ်မနဲ့LCDမရန်ဖြစ်သောအခါ",
    "link": "https://www.googleapis.com/drive/v3/files/17la9fh0v2VBxm7fKPQxN4IPmGK-YZUJz?alt=media&key=AIzaSyAwbaLaqRc1iFxAnNQfV444Y2u6j3Ex14c",
    "id": "",
    "image": "https://github.com/Myanmar788/Apk-/raw/main/fnny_img_thmbs/%E1%80%A1%E1%80%80%E1%80%AD%E1%80%90%E1%80%BA%E1%80%99%E1%80%94%E1%80%B2%E1%80%B7LCD%E1%80%99%E1%80%9B%E1%80%94%E1%80%BA%E1%80%96%E1%80%BC%E1%80%85%E1%80%BA%E1%80%9E%E1%80%B1%E1%80%AC%E1%80%A1%E1%80%81%E1%80%AB%20.jpeg"
  },
  {
    "title": "သူငယ်ချင်းအား မိန်းမကိုနိုင်ကြောင်းကြွားထားမိသောအခါ",
    "link": "https://www.googleapis.com/drive/v3/files/18RrlrUygE8IH-2J1JwcPIeVgv6AXEixW?alt=media&key=AIzaSyAwbaLaqRc1iFxAnNQfV444Y2u6j3Ex14c",
    "id": "",
    "image": "https://github.com/Myanmar788/Apk-/raw/main/fnny_img_thmbs/%E1%80%9E%E1%80%B0%E1%80%84%E1%80%9A%E1%80%BA%E1%80%81%E1%80%BB%E1%80%84%E1%80%BA%E1%80%B8%E1%80%A1%E1%80%AC%E1%80%B8%20%E1%80%99%E1%80%AD%E1%80%94%E1%80%BA%E1%80%B8%E1%80%99%E1%80%80%E1%80%AD%E1%80%AF%E1%80%94%E1%80%AD%E1%80%AF%E1%80%84%E1%80%BA%E1%80%80%E1%80%BC%E1%80%B1%E1%80%AC%E1%80%84%E1%80%BA%E1%80%B8%E1%80%80%E1%80%BC%E1%80%BD%E1%80%AC%E1%80%B8%E1%80%91%E1%80%AC%E1%80%B8%E1%80%99%E1%80%AD%E1%80%9E%E1%80%B1%E1%80%AC%E1%80%A1%E1%80%81%E1%80%AB.jpeg"
  },
  {
    "title": "ရပ်ကွက်လူမိုက်",
    "link": "https://www.googleapis.com/drive/v3/files/18SCnlIOkTM6Jwm4OJczsxzTOyNCZ4TJM?alt=media&key=AIzaSyAwbaLaqRc1iFxAnNQfV444Y2u6j3Ex14c",
    "id": "",
    "image": "https://github.com/Myanmar788/Apk-/raw/main/fnny_img_thmbs/%E1%80%9B%E1%80%95%E1%80%BA%E1%80%80%E1%80%BD%E1%80%80%E1%80%BA%E1%80%9C%E1%80%B0%E1%80%99%E1%80%AD%E1%80%AF%E1%80%80%E1%80%BA%20.jpeg"
  },
  {
    "title": "မေ့တတ်လို့ပါ မမရယ်",
    "link": "https://www.googleapis.com/drive/v3/files/18rc1-6sd_tSzB0rSv3iSvq8hKgg_oA7o?alt=media&key=AIzaSyAwbaLaqRc1iFxAnNQfV444Y2u6j3Ex14c",
    "id": "",
    "image": "https://github.com/Myanmar788/Apk-/raw/main/fnny_img_thmbs/%E1%80%99%E1%80%B1%E1%80%B7%E1%80%90%E1%80%90%E1%80%BA%E1%80%9C%E1%80%AD%E1%80%AF%E1%80%B7%E1%80%95%E1%80%AB%20%E1%80%99%E1%80%99%E1%80%9B%E1%80%9A%E1%80%BA%20.jpeg"
  },
  {
    "title": "မိန်းမလိုချင်တယ်",
    "link": "https://www.googleapis.com/drive/v3/files/19F08dCwrYMKR7oir18FqqFoxCwxqL9Mc?alt=media&key=AIzaSyAwbaLaqRc1iFxAnNQfV444Y2u6j3Ex14c",
    "id": "",
    "image": "https://github.com/Myanmar788/Apk-/raw/main/fnny_img_thmbs/%E1%80%99%E1%80%AD%E1%80%94%E1%80%BA%E1%80%B8%E1%80%99%E1%80%9C%E1%80%AD%E1%80%AF%E1%80%81%E1%80%BB%E1%80%84%E1%80%BA%E1%80%90%E1%80%9A%E1%80%BA.jpeg"
  },
  {
    "title": "မျက်လှည့်ဆရာကို ဓားမြတိုက်သောအခါ l Aung Kyaw Zin l comedy",
    "link": "https://www.googleapis.com/drive/v3/files/18isccieqZmLBPV2CmDvJ6-LOiAdI7nLQ?alt=media&key=AIzaSyAwbaLaqRc1iFxAnNQfV444Y2u6j3Ex14c",
    "id": "",
    "image": "https://github.com/Myanmar788/Apk-/raw/main/fnny_img_thmbs/%E1%80%99%E1%80%BB%E1%80%80%E1%80%BA%E1%80%9C%E1%80%BE%E1%80%8A%E1%80%B7%E1%80%BA%E1%80%86%E1%80%9B%E1%80%AC%E1%80%80%E1%80%AD%E1%80%AF%20%E1%80%93%E1%80%AC%E1%80%B8%E1%80%99%E1%80%BC%E1%80%90%E1%80%AD%E1%80%AF%E1%80%80%E1%80%BA%E1%80%9E%E1%80%B1%E1%80%AC%E1%80%A1%E1%80%81%E1%80%AB%20l%20Aung%20Kyaw%20Zin%20l%20comedy.jpeg"
  },
  {
    "title": "မင်းကောင်မလေး တစ်တော့ဆော့တတ်လား 😢 Aung Kyaw zin Myanmar Tik Tok Funny Video Comedy Video",
    "link": "https://www.googleapis.com/drive/v3/files/18W2EFuUSStAKBJ21lBpzsx_XpVWCOIEk?alt=media&key=AIzaSyAwbaLaqRc1iFxAnNQfV444Y2u6j3Ex14c",
    "id": "",
    "image": "https://github.com/Myanmar788/Apk-/raw/main/fnny_img_thmbs/%E1%80%99%E1%80%84%E1%80%BA%E1%80%B8%E1%80%80%E1%80%B1%E1%80%AC%E1%80%84%E1%80%BA%E1%80%99%E1%80%9C%E1%80%B1%E1%80%B8%20%E1%80%90%E1%80%85%E1%80%BA%E1%80%90%E1%80%B1%E1%80%AC%E1%80%B7%E1%80%86%E1%80%B1%E1%80%AC%E1%80%B7%E1%80%90%E1%80%90%E1%80%BA%E1%80%9C%E1%80%AC%E1%80%B8%20%F0%9F%98%A2%20Aung%20Kyaw%20zin%20Myanmar%20Tik%20Tok%20Funny%20Video%20Comedy%20Video.jpeg"
  },
  {
    "title": "ဘောစိအမိန့်အရ ကန်ရတာပါ",
    "link": "https://www.googleapis.com/drive/v3/files/18YNieg7fleJgnz5s6Bs19hUkp_j7WwH2?alt=media&key=AIzaSyAwbaLaqRc1iFxAnNQfV444Y2u6j3Ex14c",
    "id": "",
    "image": "https://github.com/Myanmar788/Apk-/raw/main/fnny_img_thmbs/%E1%80%98%E1%80%B1%E1%80%AC%E1%80%85%E1%80%AD%E1%80%A1%E1%80%99%E1%80%AD%E1%80%94%E1%80%B7%E1%80%BA%E1%80%A1%E1%80%9B%20%E1%80%80%E1%80%94%E1%80%BA%E1%80%9B%E1%80%90%E1%80%AC%E1%80%95%E1%80%AB%20.jpeg"
  },
  {
    "title": "ဘယ်သူအချစ်ကပိုလဲ- Aung Thu Lwin -Kelvin Kate-",
    "link": "https://www.googleapis.com/drive/v3/files/19XhYrsvRKHaHacDWPn4IdXrgPuzMGAXa?alt=media&key=AIzaSyAwbaLaqRc1iFxAnNQfV444Y2u6j3Ex14c",
    "id": "",
    "image": "https://github.com/Myanmar788/Apk-/raw/main/fnny_img_thmbs/%E1%80%98%E1%80%9A%E1%80%BA%E1%80%9E%E1%80%B0%E1%80%A1%E1%80%81%E1%80%BB%E1%80%85%E1%80%BA%E1%80%80%E1%80%95%E1%80%AD%E1%80%AF%E1%80%9C%E1%80%B2-%20Aung%20Thu%20Lwin%20-Kelvin%20Kate-.jpeg"
  },
  {
    "title": "ဖိုးလွဲကျော် အပိုင်း -11",
    "link": "https://www.googleapis.com/drive/v3/files/19Vbbx8ygE9p7XyuxzrdJ4GKCKhzkeb63?alt=media&key=AIzaSyAwbaLaqRc1iFxAnNQfV444Y2u6j3Ex14c",
    "id": "",
    "image": "https://github.com/Myanmar788/Apk-/raw/main/fnny_img_thmbs/%E1%80%96%E1%80%AD%E1%80%AF%E1%80%B8%E1%80%9C%E1%80%BD%E1%80%B2%E1%80%80%E1%80%BB%E1%80%B1%E1%80%AC%E1%80%BA%20%E1%80%A1%E1%80%95%E1%80%AD%E1%80%AF%E1%80%84%E1%80%BA%E1%80%B8%20-11.jpeg"
  },
  {
    "title": "နင်ကောင်လေးကဘယ်Type လဲ l Aung Kyaw Zin l Phyu Zin l David l AKZ Funny l Comedy",
    "link": "https://www.googleapis.com/drive/v3/files/18ahJX4meJ-h8mnwGDLdSuiCzKyuA67Lv?alt=media&key=AIzaSyAwbaLaqRc1iFxAnNQfV444Y2u6j3Ex14c",
    "id": "",
    "image": "https://github.com/Myanmar788/Apk-/raw/main/fnny_img_thmbs/%E1%80%94%E1%80%84%E1%80%BA%E1%80%80%E1%80%B1%E1%80%AC%E1%80%84%E1%80%BA%E1%80%9C%E1%80%B1%E1%80%B8%E1%80%80%E1%80%98%E1%80%9A%E1%80%BAType%20%E1%80%9C%E1%80%B2%20l%20Aung%20Kyaw%20Zin%20l%20Phyu%20Zin%20l%20David%20l%20AKZ%20Funny%20l%20Comedy.jpeg"
  },
  {
    "title": "ဒီလို ငမူးတွေကို မြင်ဖူးလားကွာ 😂😂 - 👑 Aung Thu Lwin -Kelvin Kate- 👑",
    "link": "https://www.googleapis.com/drive/v3/files/19AC9umq0spyqmaroN3ozehXl2sIh2dMN?alt=media&key=AIzaSyAwbaLaqRc1iFxAnNQfV444Y2u6j3Ex14c",
    "id": "",
    "image": "https://github.com/Myanmar788/Apk-/raw/main/fnny_img_thmbs/%E1%80%92%E1%80%AE%E1%80%9C%E1%80%AD%E1%80%AF%20%E1%80%84%E1%80%99%E1%80%B0%E1%80%B8%E1%80%90%E1%80%BD%E1%80%B1%E1%80%80%E1%80%AD%E1%80%AF%20%E1%80%99%E1%80%BC%E1%80%84%E1%80%BA%E1%80%96%E1%80%B0%E1%80%B8%E1%80%9C%E1%80%AC%E1%80%B8%E1%80%80%E1%80%BD%E1%80%AC%20%F0%9F%98%82%F0%9F%98%82%20-%20%F0%9F%91%91%20Aung%20Thu%20Lwin%20-Kelvin%20Kate-%20%F0%9F%91%91.jpeg"
  },
  {
    "title": "စိတ်ထဲရှိတဲ့ အတိုင်းပြော",
    "link": "https://www.googleapis.com/drive/v3/files/18OIat2_9Sjs3NMKX0CIa_GNrTcWsDEk0?alt=media&key=AIzaSyAwbaLaqRc1iFxAnNQfV444Y2u6j3Ex14c",
    "id": "",
    "image": "https://github.com/Myanmar788/Apk-/raw/main/fnny_img_thmbs/%E1%80%85%E1%80%AD%E1%80%90%E1%80%BA%E1%80%91%E1%80%B2%E1%80%9B%E1%80%BE%E1%80%AD%E1%80%90%E1%80%B2%E1%80%B7%20%E1%80%A1%E1%80%90%E1%80%AD%E1%80%AF%E1%80%84%E1%80%BA%E1%80%B8%E1%80%95%E1%80%BC%E1%80%B1%E1%80%AC%20.jpeg"
  },
  {
    "title": "စဖြတ်ချင်သော အခါ",
    "link": "https://www.googleapis.com/drive/v3/files/18Y8m0YZCDE1eLz0Ne4GLGS0zezZI8j0z?alt=media&key=AIzaSyAwbaLaqRc1iFxAnNQfV444Y2u6j3Ex14c",
    "id": "",
    "image": "https://github.com/Myanmar788/Apk-/raw/main/fnny_img_thmbs/%E1%80%85%E1%80%96%E1%80%BC%E1%80%90%E1%80%BA%E1%80%81%E1%80%BB%E1%80%84%E1%80%BA%E1%80%9E%E1%80%B1%E1%80%AC%20%E1%80%A1%E1%80%81%E1%80%AB.jpeg"
  },
  {
    "title": "ကော်တရာ မငွေခင် နှင့် စောင်တလွဲ ညီအစ်ကို",
    "link": "https://www.googleapis.com/drive/v3/files/18lGn2F8I-C-3F2zFFdpOGdV8NmEW-pKa?alt=media&key=AIzaSyAwbaLaqRc1iFxAnNQfV444Y2u6j3Ex14c",
    "id": "",
    "image": "https://github.com/Myanmar788/Apk-/raw/main/fnny_img_thmbs/%E1%80%80%E1%80%B1%E1%80%AC%E1%80%BA%E1%80%90%E1%80%9B%E1%80%AC%20%E1%80%99%E1%80%84%E1%80%BD%E1%80%B1%E1%80%81%E1%80%84%E1%80%BA%20%E1%80%94%E1%80%BE%E1%80%84%E1%80%B7%E1%80%BA%20%E1%80%85%E1%80%B1%E1%80%AC%E1%80%84%E1%80%BA%E1%80%90%E1%80%9C%E1%80%BD%E1%80%B2%20%E1%80%8A%E1%80%AE%E1%80%A1%E1%80%85%E1%80%BA%E1%80%80%E1%80%AD%E1%80%AF%20.jpeg"
  },
  {
    "title": "ကမ္ဘာကျော်သချင်္ာပညာရှင်နှစ်ယောက်",
    "link": "https://www.googleapis.com/drive/v3/files/19V7k8eZ5Fz_6ikYhMkl_e1mFnh5Usnim?alt=media&key=AIzaSyAwbaLaqRc1iFxAnNQfV444Y2u6j3Ex14c",
    "id": "",
    "image": "https://github.com/Myanmar788/Apk-/raw/main/fnny_img_thmbs/%E1%80%80%E1%80%99%E1%80%B9%E1%80%98%E1%80%AC%E1%80%80%E1%80%BB%E1%80%B1%E1%80%AC%E1%80%BA%E1%80%9E%E1%80%81%E1%80%BB%E1%80%84%E1%80%BA%E1%80%B9%E1%80%AC%E1%80%95%E1%80%8A%E1%80%AC%E1%80%9B%E1%80%BE%E1%80%84%E1%80%BA%E1%80%94%E1%80%BE%E1%80%85%E1%80%BA%E1%80%9A%E1%80%B1%E1%80%AC%E1%80%80%E1%80%BA.jpeg"
  },
  {
    "title": "ကမ္ဘာကျော်မျက်လှည့်ဆရာ AKZ နှင့် သူ၏ တပည့် David l Aung Kyaw Zin l Comedy l Funny",
    "link": "https://www.googleapis.com/drive/v3/files/18VtCETnvR9YqxGV4jrQCWSQDWTpeFiyV?alt=media&key=AIzaSyAwbaLaqRc1iFxAnNQfV444Y2u6j3Ex14c",
    "id": "",
    "image": "https://github.com/Myanmar788/Apk-/raw/main/fnny_img_thmbs/%E1%80%80%E1%80%99%E1%80%B9%E1%80%98%E1%80%AC%E1%80%80%E1%80%BB%E1%80%B1%E1%80%AC%E1%80%BA%E1%80%99%E1%80%BB%E1%80%80%E1%80%BA%E1%80%9C%E1%80%BE%E1%80%8A%E1%80%B7%E1%80%BA%E1%80%86%E1%80%9B%E1%80%AC%20AKZ%20%E1%80%94%E1%80%BE%E1%80%84%E1%80%B7%E1%80%BA%20%E1%80%9E%E1%80%B0%E1%81%8F%20%E1%80%90%E1%80%95%E1%80%8A%E1%80%B7%E1%80%BA%20David%20l%20Aung%20Kyaw%20Zin%20l%20Comedy%20l%20Funny.jpeg"
  },
  {
    "title": "Yal Sa Yar A Nyeint 1-1",
    "link": "https://www.googleapis.com/drive/v3/files/18xzcSyrMG4q74WsDJCoQq91AbDvzexPF?alt=media&key=AIzaSyAwbaLaqRc1iFxAnNQfV444Y2u6j3Ex14c",
    "id": "",
    "image": "https://github.com/Myanmar788/Apk-/raw/main/fnny_img_thmbs/Yal%20Sa%20Yar%20A%20Nyeint%201-1.jpeg"
  },
  {
    "title": "Tiktokဟာသလေးကြည့်မယ်နော်🤣🤣",
    "link": "https://www.googleapis.com/drive/v3/files/192GVWDePEO-OKP7EEXcNPg91Tj0u5WQ8?alt=media&key=AIzaSyAwbaLaqRc1iFxAnNQfV444Y2u6j3Ex14c",
    "id": "",
    "image": "https://github.com/Myanmar788/Apk-/raw/main/fnny_img_thmbs/Tiktok%E1%80%9F%E1%80%AC%E1%80%9E%E1%80%9C%E1%80%B1%E1%80%B8%E1%80%80%E1%80%BC%E1%80%8A%E1%80%B7%E1%80%BA%E1%80%99%E1%80%9A%E1%80%BA%E1%80%94%E1%80%B1%E1%80%AC%E1%80%BA%F0%9F%A4%A3%F0%9F%A4%A3.jpeg"
  },
  {
    "title": "Myanmar tiktok girls",
    "link": "https://www.googleapis.com/drive/v3/files/17mqJAO8wuDjUakR9hUNa1Uq9l08OHTtX?alt=media&key=AIzaSyAwbaLaqRc1iFxAnNQfV444Y2u6j3Ex14c",
    "id": "",
    "image": "https://github.com/Myanmar788/Apk-/raw/main/fnny_img_thmbs/Myanmar%20tiktok%20girls.jpeg"
  },
  {
    "title": "Myanmar tiktok dance girl -26boy l",
    "link": "https://www.googleapis.com/drive/v3/files/17z31qYqxTr0ZfXHAi6nyRcpI12vjU3K1?alt=media&key=AIzaSyAwbaLaqRc1iFxAnNQfV444Y2u6j3Ex14c",
    "id": "",
    "image": "https://github.com/Myanmar788/Apk-/raw/main/fnny_img_thmbs/Myanmar%20tiktok%20dance%20girl%20-26boy%20l.jpeg"
  },
  {
    "title": "Myanmar Funny video-Min Maw Kun-Khant Si Thu-Eaindra Kyaw Zinnn-Tint Tint Tun",
    "link": "https://www.googleapis.com/drive/v3/files/17kP71_r22usmT-gY9M79liZQkgyIohWk?alt=media&key=AIzaSyAwbaLaqRc1iFxAnNQfV444Y2u6j3Ex14c",
    "id": "",
    "image": "https://github.com/Myanmar788/Apk-/raw/main/fnny_img_thmbs/Myanmar%20Funny%20video-Min%20Maw%20Kun-Khant%20Si%20Thu-Eaindra%20Kyaw%20Zinnn-Tint%20Tint%20Tun.jpeg"
  },
  {
    "title": "Myanmar funny video collection",
    "link": "https://www.googleapis.com/drive/v3/files/18Ik4NqvxVjI0QQiGpJ_OKpgeMn5dNB3e?alt=media&key=AIzaSyAwbaLaqRc1iFxAnNQfV444Y2u6j3Ex14c",
    "id": "",
    "image": "https://github.com/Myanmar788/Apk-/raw/main/fnny_img_thmbs/Myanmar%20funny%20video%20collection.jpeg"
  },
  {
    "title": "Myanmar Funny Video 5",
    "link": "https://www.googleapis.com/drive/v3/files/18NaVv4BbhtBkG8x79_H9D9Tz50KktJ5w?alt=media&key=AIzaSyAwbaLaqRc1iFxAnNQfV444Y2u6j3Ex14c",
    "id": "",
    "image": "https://raw.githubusercontent.com/Myanmar788/Apk-/main/fnny_img_thmbs/Myanmar%20Funny%20Video%205.jpeg"
  },
  {
    "title": "Funny Comercial- Aung Thu Lwin -Kelvin Kate-",
    "link": "https://www.googleapis.com/drive/v3/files/19f_4o5ZZVa5UZBUHYIWfIgf4E_nI12EM?alt=media&key=AIzaSyAwbaLaqRc1iFxAnNQfV444Y2u6j3Ex14c",
    "id": "",
    "image": "https://github.com/Myanmar788/Apk-/raw/main/fnny_img_thmbs/Funny%20Comercial-%20Aung%20Thu%20Lwin%20-Kelvin%20Kate-.jpeg"
  },
  {
    "title": "Burmese Joke 03",
    "link": "https://www.googleapis.com/drive/v3/files/18xIenhQtJufZ2J2EhDHlVJcjQhTCdoWI?alt=media&key=AIzaSyAwbaLaqRc1iFxAnNQfV444Y2u6j3Ex14c",
    "id": "",
    "image": "https://github.com/Myanmar788/Apk-/raw/main/fnny_img_thmbs/Burmese%20Joke%2003.jpeg"
  },
  {
    "title": "Aung Kyaw Zin Funny Duat Collection Myanmar Tik Tok Comedy Video Myanmar Burma",
    "link": "https://www.googleapis.com/drive/v3/files/18h_qLyOaVZMuCM5DjVNRXOyn2_zluRrn?alt=media&key=AIzaSyAwbaLaqRc1iFxAnNQfV444Y2u6j3Ex14c",
    "id": "",
    "image": "https://github.com/Myanmar788/Apk-/raw/main/fnny_img_thmbs/Aung%20Kyaw%20Zin%20Funny%20Duat%20Collection%20Myanmar%20Tik%20Tok%20Comedy%20Video%20Myanmar%20Burma.jpeg"
  },
  {
    "title": "Aung Kyaw Zin Best Comedy Video Myanmar Tik Tok Funny Video",
    "link": "https://www.googleapis.com/drive/v3/files/18q9FtqpJsSgIGv1ec2nF9Cvy6nw_KnNV?alt=media&key=AIzaSyAwbaLaqRc1iFxAnNQfV444Y2u6j3Ex14c",
    "id": "",
    "image": "https://github.com/Myanmar788/Apk-/raw/main/fnny_img_thmbs/Aung%20Kyaw%20Zin%20Best%20Comedy%20Video%20Myanmar%20Tik%20Tok%20Funny%20Video.jpeg"
  },
  {
    "title": "Aung Kyaw Zin Audition Myanmar-s Got Talent 2017 Season 4 ျမန္မာ",
    "link": "https://www.googleapis.com/drive/v3/files/18D8JWvPnLBsJBshRyI7jO3wIGIJ-hge6?alt=media&key=AIzaSyAwbaLaqRc1iFxAnNQfV444Y2u6j3Ex14c",
    "id": "",
    "image": "https://github.com/Myanmar788/Apk-/raw/main/fnny_img_thmbs/Aung%20Kyaw%20Zin%20Audition%20Myanmar-s%20Got%20Talent%202017%20Season%204%20%E1%80%BB%E1%80%99%E1%80%94%E1%80%B9%E1%80%99%E1%80%AC.jpeg"
  },
  {
    "title": "😀 သူငယ်ချင်းစစ်လာ မစစ်လား သိချင်လို့ ငါ ဈေးရောင်းတာကွ 😀",
    "link": "https://www.googleapis.com/drive/v3/files/19I2psusgwkOs2M3PXSX964KK9_e6K89v?alt=media&key=AIzaSyAwbaLaqRc1iFxAnNQfV444Y2u6j3Ex14c",
    "id": "",
    "image": "https://github.com/Myanmar788/Apk-/raw/main/fnny_img_thmbs/%F0%9F%98%80%20%E1%80%9E%E1%80%B0%E1%80%84%E1%80%9A%E1%80%BA%E1%80%81%E1%80%BB%E1%80%84%E1%80%BA%E1%80%B8%E1%80%85%E1%80%85%E1%80%BA%E1%80%9C%E1%80%AC%20%E1%80%99%E1%80%85%E1%80%85%E1%80%BA%E1%80%9C%E1%80%AC%E1%80%B8%20%E1%80%9E%E1%80%AD%E1%80%81%E1%80%BB%E1%80%84%E1%80%BA%E1%80%9C%E1%80%AD%E1%80%AF%E1%80%B7%20%E1%80%84%E1%80%AB%20%E1%80%88%E1%80%B1%E1%80%B8%E1%80%9B%E1%80%B1%E1%80%AC%E1%80%84%E1%80%BA%E1%80%B8%E1%80%90%E1%80%AC%E1%80%80%E1%80%BD%20%F0%9F%98%80.jpeg"
  }
]
